First Name,Last Name,Phone,Email,Unit,Alternate Name
Khan,Ali,904256270,heg00321c55h123@yopmail.com,101,Khanali
Hannah,Kennedy,904220143,hrk00111c55h@yopmail.com,101,
Isabella,Neil,904223654,izn00091c55h@yopmail.com,101,
Reagan,Ruben,904257795,rar00701c55h@yopmail.com,101,
AbbIe,Reynolds,904097854,aar00441c55h@yopmail.com,102,
Adrianna,Casassa,904240646,azc01881c55h@yopmail.com,102,
Jordan,Stinson,904167005,jas02751c55h@yopmail.com,102,
Rachel,Schiller,904176974,rfs00221c55h@yopmail.com,102,
John,Stephens,904220124,jbs01041c55h@yopmail.com,118,
Justin,Evans,904219399,jme00431c55h@yopmail.com,118,
Jared,Eudy,904247871,jme00451c55h@yopmail.com,118,
Jonathan,Wilson,904218511,jtw01131c55h@yopmail.com,118,
Bryan,McNeal,904203775,bzm00741c55h@yopmail.com,119,
Connor,Aaserud,904189856,cja00401c55h@yopmail.com,119,
Joseph,Parrozzo,904176964,jtp00631c55h@yopmail.com,119,
Ryan,Fuller,904246854,rmf00481c55h@yopmail.com,119,
Eva,Marston,904250356,emm01311c55h@yopmail.com,120,
Kennedy,Brooks,904232128,klb01381c55h@yopmail.com,120,
Nakya,Scarver,904250615,nbs00341c55h@yopmail.com,120,
Sara,Suber,904254590,ses02431c55h@yopmail.com,120,
Grace,Turney,904055023,gbt00031c55h@yopmail.com,121,
Madeline,Vagnuolo,904158352,mxv00011c55h@yopmail.com,121,
Grant,Carpenter,904247549,gac00581c55h@yopmail.com,201,
Hayden,Morgan,904193471,hgm00381c55h@yopmail.com,201,
Lucas,Harper,904227972,lhh00231c55h@yopmail.com,201,
Samuel,Lenz,904219878,sml00811c55h@yopmail.com,201,
Alexis,Hammond,903926024,adh00741c55h@yopmail.com,202,
Ashley,Desilva,904186553,aed00961c55h@yopmail.com,202,
Hannah,Walker,904045142,hew00471c55h@yopmail.com,202,
Jasmine,Evans,904239190,jae00501c55h@yopmail.com,202,
Benjamin,Hancock,904183155,bdh00541c55h@yopmail.com,204,
Daniel,Murrell,904130031,djm00791c55h@yopmail.com,204,
Griffin,Cordell,904164882,gpc00091c55h@yopmail.com,204,
Luis Manuel,Postigo,904156080,lzp00401c55h@yopmail.com,204,
Nicolas,Sarmiento,904275018,nzs01021c55h@yopmail.com,204,
Emily,Bruce,904147943,epb00301c55h@yopmail.com,205,
Georgia,Craca,904240657,gmc00541c55h@yopmail.com,205,
Shauna,Giroir,904239206,seg00791c55h@yopmail.com,205,
Samantha,Taylor,904254963,snt00241c55h@yopmail.com,205,
Sarah,Bamford,904200527,szb01971c55h@yopmail.com,205,
Chayton,Watteau,904117054,caw01501c55h@yopmail.com,206,
Daniel,Smith,904161170,dcs00381c55h@yopmail.com,206,
Michael,Sabol,904205776,mzs02441c55h@yopmail.com,206,
Toney,Edwards,904156977,tce00091c55h@yopmail.com,206,
Emma,Drake,904175516,eed00331c55h@yopmail.com,207,
Lyndsey,Rice,904142790,lkr00201c55h@yopmail.com,207,
Madeline,Schlaman,904118349,mgs00971c55h@yopmail.com,207,
Mica,Holmes,904201580,mrh01201c55h@yopmail.com,207,
Stella,Mcwhorter,904041211,slm01231c55h@yopmail.com,207,
Justin,Littlefield,904164837,jal01031c55h@yopmail.com,208,
Jonathan,Warren,903970380,jrw00901c55h@yopmail.com,208,
Jackson,King,904196121,jsk00371c55h@yopmail.com,208,
Mark,Gulley,904201141,mag01361c55h@yopmail.com,208,
Nicholas,Small,904204920,nrs00361c55h@yopmail.com,208,
Alexander,Friedman,904178519,aef00681c55h@yopmail.com,209,
Ian,Schnell,904180014,izs00201c55h@yopmail.com,209,
Levi,Taylor,904111042,ltt00101c55h@yopmail.com,209,
Ryan,Diskin,904204133,rgd00121c55h@yopmail.com,209,
Breland,Blanton,904156583,bab01551c55h@yopmail.com,210,
Cydnie,Brown,904175506,ccb00781c55h@yopmail.com,210,
Harlee,Meydrech,904207808,hrm00431c55h@yopmail.com,210,
Jordan,Ozment,904116139,jto00151c55h@yopmail.com,210,
Abigail,Smith,904221729,ags01151c55h@yopmail.com,218,
Alyssa,Henderson,904226389,anh01051c55h@yopmail.com,218,
Meredith,Elwood,904229508,mee00501c55h@yopmail.com,218,
Reagan,Boledovic,904227211,reb00851c55h@yopmail.com,218,
Jackson,Emmons,904104361,jce00341c55h@yopmail.com,219,
Josh,Hussey,904143306,jdh01601c55h@yopmail.com,219,
Luke,Mango,904162749,lam01191c55h@yopmail.com,219,
Wade,Morrison,904157768,wrm00361c55h@yopmail.com,219,
Amari,Springer,904104561,ads00971c55h@yopmail.com,220,
Angel,Robinson,904195083,ajr01061c55h@yopmail.com,220,
Jalyn,Smith,904158166,jds01601c55h@yopmail.com,220,
Tamyra,Mack,904159880,tdm00531c55h@yopmail.com,220,
Benjamin,Smith,903983888,bes00501c55h@yopmail.com,221,
Bryson,Reedy,904034251,btr00241c55h@yopmail.com,221,
Alexander,Barton,904206732,ajb02051c55h@yopmail.com,301,
Alexander,Karl,904222566,ajk00771c55h@yopmail.com,301,
Cole,Viscome,904252650,cmv00371c55h@yopmail.com,301,
Dillan,Stewart,904143624,das00891c55h@yopmail.com,302,
David,Elliott,904051547,dme00161c55h@yopmail.com,302,
Jackson,Criswell,904165706,jlc01501c55h@yopmail.com,302,
Wyatt,Pate,904207809,wkp00091c55h@yopmail.com,302,
Autumn,Hill,904202369,alh01811c55h@yopmail.com,303,
Chandler,Ross,904084950,csr00351c55h@yopmail.com,303,
Abigail,Culbreth,904234422,ajc01471c55h@yopmail.com,304,
Adyson,Bauer,904224090,arb01551c55h@yopmail.com,304,
Avery,Johnson,904064630,azj00691c55h@yopmail.com,304,
Eliza,White,904235949,ejw00661c55h@yopmail.com,304,
Meghan,McFadden,904224697,mdm01281c55h@yopmail.com,304,
Alexander,Armstrong,904251294,aha00221c55h@yopmail.com,305,
Dylan,Corcoran,904267040,dpc00181c55h@yopmail.com,305,
Jude,Cleary,904223506,jmc02321c55h@yopmail.com,305,
Jacob,Johnson,904174513,jsj00461c55h@yopmail.com,305,
William,Fitzpatrick,904223882,wof00021c55h@yopmail.com,305,
Logan,Stallone,904198496,les01211c55h@yopmail.com,306,
Nathan,Youngblood,904185997,nry00061c55h@yopmail.com,306,
Ross,Walker,904142100,rmw00611c55h@yopmail.com,306,
Zamarian,Bryant,904194067,zmb00131c55h@yopmail.com,306,
Zamarianb,Bryantb,9041940674,zmb00131c55hb@yopmail.com,306,
