first name,last name,email,phone,address,group,group alisa
Brandon,Callaro,brandon_callaro@hotmail.com,808-215-6832,7 Benton Dr,Dubai,Imran
Scarlet,Cartan,scarlet.cartan@yahoo.com,229-735-3378,9390 S Howell Ave,Dubai,Imran
Oretha,Menter,oretha_menter@yahoo.com,617-418-5043,8 County Center Dr #647,Dubai,Imran
Ty,Smith,tsmith@aol.com,201-672-1553,4646 Kaahumanu St,Dubai,Imran
Xuan,Rochin,xuan@gmail.com,650-933-5072,2 Monroe St,Dubai,Imran
Lindsey,Dilello,lindsey.dilello@hotmail.com,909-639-9887,52777 Leaders Heights Rd,Dubai,Imran
Devora,Perez,devora_perez@perez.org,510-955-3016,72868 Blackington Ave,Dubai,Imran
Herman,Demesa,hdemesa@cox.net,518-497-2940,9 Norristown Rd,Dubai,Imran
Rory,Papasergi,rpapasergi@cox.net,570-867-7489,83 County Road 437 #8581,Dubai,Imran
Talia,Riopelle,talia_riopelle@aol.com,973-245-2133,1 N Harlem Ave #9,Dubai,Imran
