Name,Email,Organization,City,Home_Address
Mansoor,rajamansoor@yopmail.com,VisionX,New York,Street 9
Raja,rajamansoor1@yopmail.com,VisionX,London,Street 10
Waqas,rajawaqas@yopmail.com,VisionX,London,Street 11
Haris,haris1@yopmail.com,VisionX,London,Street 12
Zain Khan,zain1@yopmail.com,VisionX,London,Street 13
Zain Awan,zain2@yopmail.com,VisionX,London,Street 14
Haris Ali,haris3@yopmail.com,VisionX,London,Street 15
Haris Awan,haris3@yopmail.com,VisionX,London,Street 16
Haris Jamal,haris1@yopmail.com,VisionX,London,Street 17
