first_name,last_name,email,phone,address,group,group alias,unit
James,Butt,jbutt@gmail.com,504-621-8927,6649 N Blue Gum St,PAK,,
Josephine,Darakjy,josephine_darakjy@darakjy.org,810-292-9388,4 B Blue Ridge Blvd,PAK,,
Art,Venere,art@venere.org,856-636-8749,8 W Cerritos Ave #54,PAK,,
Lenna,Paprocki,lpaprocki@hotmail.com,907-385-4412,639 Main St,PAK,,
Donette,Foller,donette.foller@cox.net,513-570-1893,34 Center St,PAK,,
Simona,Morasca,simona@morasca.com,419-503-2484,3 Mcauley Dr,PAK,,
Mitsue,Tollner,mitsue_tollner@yahoo.com,773-573-6914,7 Eads St,PAK,,
Leota,Dilliard,leota@hotmail.com,408-752-3500,7 W Jackson Blvd,PAK,,
Sage,Wieser,sage_wieser@cox.net,605-414-2147,5 Boston Ave #88,PAK,,
Kris,Marrier,kris@gmail.com,410-655-8723,228 Runamuck Pl #2808,PAK,,
Minna,Amigon,minna_amigon@yahoo.com,215-874-1229,2371 Jerrold Ave,PAK,,
Abel,Maclead,amaclead@gmail.com,631-335-3414,37275 St  Rt 17m M,PAK,,
Kiley,Caldarera,kiley.caldarera@aol.com,310-498-5651,25 E 75th St #69,PAK,,
Graciela,Ruta,gruta@cox.net,440-780-8425,98 Connecticut Ave Nw,PAK,,
Cammy,Albares,calbares@gmail.com,956-537-6195,56 E Morehead St,PAK,,
Mattie,Poquette,mattie@aol.com,602-277-4385,73 State Road 434 E,PAK,,
Meaghan,Garufi,meaghan@hotmail.com,931-313-9635,69734 E Carrillo St,PAK,,
Gladys,Rim,gladys.rim@rim.org,414-661-9598,322 New Horizon Blvd,PAK,,
Yuki,Whobrey,yuki_whobrey@aol.com,313-288-7937,1 State Route 27,PAK,,
Fletcher,Flosi,fletcher.flosi@yahoo.com,815-828-2147,394 Manchester Blvd,PAK,,
Bette,Nicka,bette_nicka@cox.net,610-545-3615,6 S 33rd St,IND,,
Veronika,Inouye,vinouye@aol.com,408-540-1785,6 Greenleaf Ave,IND,,
Willard,Kolmetz,willard@hotmail.com,972-303-9197,618 W Yakima Ave,IND,,
Maryann,Royster,mroyster@royster.com,518-966-7987,74 S Westgate St,IND,,
Alisha,Slusarski,alisha@slusarski.com,732-658-3154,3273 State St,IND,,
Allene,Iturbide,allene_iturbide@cox.net,715-662-6764,1 Central Ave,IND,,
Chanel,Caudy,chanel.caudy@caudy.org,913-388-2079,86 Nw 66th St #8673,IND,,
Ezekiel,Chui,ezekiel@chui.com,410-669-1642,2 Cedar Ave #84,IND,,
Willow,Kusko,wkusko@yahoo.com,212-582-4976,90991 Thorburn Ave,IND,,
Bernardo,Figeroa,bfigeroa@aol.com,936-336-3951,386 9th Ave N,IND,,
Ammie,Corrio,ammie@corrio.com,614-801-9788,74874 Atlantic Ave,IND,,
Francine,Vocelka,francine_vocelka@vocelka.com,505-977-3911,366 South Dr,IND,,
Ernie,Stenseth,ernie_stenseth@aol.com,201-709-6245,45 E Liberty St,IND,,
Albina,Glick,albina@glick.com,732-924-7882,4 Ralph Ct,IND,,
Alishia,Sergi,asergi@gmail.com,212-860-1579,2742 Distribution Way,IND,,
Solange,Shinko,solange@shinko.com,504-979-9175,426 Wolf St,IND,,
Jose,Stockham,jose@yahoo.com,212-675-8570,128 Bransten Rd,IND,,
Rozella,Ostrosky,rozella.ostrosky@ostrosky.com,805-832-6163,17 Morena Blvd,IND,,
Valentine,Gillian,valentine_gillian@gmail.com,210-812-9597,775 W 17th St,IND,,
Kati,Rulapaugh,kati.rulapaugh@hotmail.com,785-463-7829,6980 Dorsett Rd,IND,,
Youlanda,Schemmer,youlanda@aol.com,541-548-8197,2881 Lewis Rd,IND,,
Dyan,Oldroyd,doldroyd@aol.com,913-413-4604,7219 Woodfield Rd,IND,,
Roxane,Campain,roxane@hotmail.com,907-231-4722,1048 Main St,IND,,
Lavera,Perin,lperin@perin.org,305-606-7291,678 3rd Ave,IND,,
Erick,Ferencz,erick.ferencz@aol.com,907-741-1044,20 S Babcock St,IND,,
Fatima,Saylors,fsaylors@saylors.org,952-768-2416,2 Lighthouse Ave,IND,,
Jina,Briddick,jina_briddick@briddick.com,617-399-5124,38938 Park Blvd,IND,,
Kanisha,Waycott,kanisha_waycott@yahoo.com,323-453-2780,5 Tomahawk Dr,IND,,
Emerson,Bowley,emerson.bowley@bowley.org,608-336-7444,762 S Main St,IND,,
Blair,Malet,bmalet@yahoo.com,215-907-9111,209 Decker Dr,IND,,
Brock,Bolognia,bbolognia@yahoo.com,212-402-9216,4486 W O St #1,IND,,
Lorrie,Nestle,lnestle@hotmail.com,931-875-6644,39 S 7th St,IND,,
Sabra,Uyetake,sabra@uyetake.org,803-925-5213,98839 Hawthorne Blvd #6101,IND,,
Marjory,Mastella,mmastella@mastella.com,610-814-5533,71 San Mateo Ave,IND,,
Karl,Klonowski,karl_klonowski@yahoo.com,908-877-6135,76 Brooks St #9,IND,,
Tonette,Wenner,twenner@aol.com,516-968-6051,4545 Courthouse Rd,IND,,
Amber,Monarrez,amber_monarrez@monarrez.org,215-934-8655,14288 Foster Ave #4121,IND,,
Shenika,Seewald,shenika@gmail.com,818-423-4007,4 Otis St,IND,,
Delmy,Ahle,delmy.ahle@hotmail.com,401-458-2547,65895 S 16th St,IND,,
Deeanna,Juhas,deeanna_juhas@gmail.com,215-211-9589,14302 Pennsylvania Ave,IND,,
Blondell,Pugh,bpugh@aol.com,401-960-8259,201 Hawk Ct,IND,,
Jamal,Vanausdal,jamal@vanausdal.org,732-234-1546,53075 Sw 152nd Ter #615,IND,,
Cecily,Hollack,cecily@hollack.org,512-486-3817,59 N Groesbeck Hwy,IND,,
Carmelina,Lindall,carmelina_lindall@lindall.com,303-724-7371,2664 Lewis Rd,IND,,
Maurine,Yglesias,maurine_yglesias@yglesias.com,414-748-1374,59 Shady Ln #53,IND,,
Tawna,Buvens,tawna@gmail.com,212-674-9610,3305 Nabell Ave #679,IND,,
Penney,Weight,penney_weight@aol.com,907-797-9628,18 Fountain St,IND,,
Elly,Morocco,elly_morocco@gmail.com,814-393-5571,7 W 32nd St,IND,,
Ilene,Eroman,ilene.eroman@hotmail.com,410-914-9018,2853 S Central Expy,IND,,
Vallie,Mondella,vmondella@mondella.com,208-862-5339,74 W College St,IND,,
Kallie,Blackwood,kallie.blackwood@gmail.com,415-315-2761,701 S Harrison Rd,IND,,
Johnetta,Abdallah,johnetta_abdallah@aol.com,919-225-9345,1088 Pinehurst St,IND,,
Bobbye,Rhym,brhym@rhym.com,650-528-5783,30 W 80th St #1995,IND,,
Micaela,Rhymes,micaela_rhymes@gmail.com,925-647-3298,20932 Hedley St,IND,,
Tamar,Hoogland,tamar@hotmail.com,740-343-8575,2737 Pistorio Rd #9230,IND,,
Moon,Parlato,moon@yahoo.com,585-866-8313,74989 Brandon St,IND,,
Laurel,Reitler,laurel_reitler@reitler.com,410-520-4832,6 Kains Ave,IND,,
Delisa,Crupi,delisa.crupi@crupi.com,973-354-2040,47565 W Grand Ave,IND,,
Viva,Toelkes,viva.toelkes@gmail.com,773-446-5569,4284 Dorigo Ln,IND,,
Elza,Lipke,elza@yahoo.com,973-927-3447,6794 Lake Dr E,IND,,
Devorah,Chickering,devorah@hotmail.com,505-975-8559,31 Douglas Blvd #950,ENG,,
Timothy,Mulqueen,timothy_mulqueen@mulqueen.org,718-332-6527,44 W 4th St,ENG,,
Arlette,Honeywell,ahoneywell@honeywell.com,904-775-4480,11279 Loytan St,ENG,,
Dominque,Dickerson,dominque.dickerson@dickerson.org,510-993-3758,69 Marquette Ave,ENG,,
Lettie,Isenhower,lettie_isenhower@yahoo.com,216-657-7668,70 W Main St,ENG,,
Myra,Munns,mmunns@cox.net,817-914-7518,461 Prospect Pl #316,ENG,,
Stephaine,Barfield,stephaine@barfield.com,310-774-7643,47154 Whipple Ave Nw,ENG,,
Lai,Gato,lai.gato@gato.org,847-728-7286,37 Alabama Ave,ENG,,
Stephen,Emigh,stephen_emigh@hotmail.com,330-537-5358,3777 E Richmond St #900,ENG,,
Tyra,Shields,tshields@gmail.com,215-255-1641,3 Fort Worth Ave,ENG,,
Tammara,Wardrip,twardrip@cox.net,650-803-1936,4800 Black Horse Pike,ENG,,
Cory,Gibes,cory.gibes@gmail.com,626-572-1096,83649 W Belmont Ave,ENG,,
Danica,Bruschke,danica_bruschke@gmail.com,254-782-8569,840 15th Ave,ENG,,
Wilda,Giguere,wilda@cox.net,907-870-5536,1747 Calle Amanecer #2,ENG,,
Elvera,Benimadho,elvera.benimadho@cox.net,408-703-8505,99385 Charity St #840,ENG,,
Carma,Vanheusen,carma@cox.net,510-503-7169,68556 Central Hwy,ENG,,
Malinda,Hochard,malinda.hochard@yahoo.com,317-722-5066,55 Riverside Ave,ENG,,
Natalie,Fern,natalie.fern@hotmail.com,307-704-8713,7140 University Ave,ENG,,
Lisha,Centini,lisha@centini.org,703-235-3937,64 5th Ave #1153,ENG,,
Arlene,Klusman,arlene_klusman@gmail.com,504-710-5840,3 Secor Rd,ENG,,
Alease,Buemi,alease@buemi.com,303-301-4946,4 Webbs Chapel Rd,ENG,,
Louisa,Cronauer,louisa@cronauer.com,510-828-7047,524 Louisiana Ave Nw,ENG,,
Angella,Cetta,angella.cetta@hotmail.com,808-892-7943,185 Blackstone Bldge,ENG,,
Cyndy,Goldammer,cgoldammer@cox.net,952-334-9408,170 Wyoming Ave,ENG,,
Rosio,Cork,rosio.cork@gmail.com,336-243-5659,4 10th St W,ENG,,
Celeste,Korando,ckorando@hotmail.com,516-509-2347,7 W Pinhook Rd,ENG,,
Twana,Felger,twana.felger@felger.org,503-939-3153,1 Commerce Way,ENG,,
Estrella,Samu,estrella@aol.com,608-976-7199,64 Lakeview Ave,ENG,,
Donte,Kines,dkines@hotmail.com,508-429-8576,3 Aspen St,ENG,,
Tiffiny,Steffensmeier,tiffiny_steffensmeier@cox.net,305-385-9695,32860 Sierra Rd,ENG,,
Edna,Miceli,emiceli@miceli.org,814-460-2655,555 Main St,ENG,,
Sue,Kownacki,sue@aol.com,972-666-3413,2 Se 3rd Ave,ENG,,
Jesusa,Shin,jshin@shin.com,931-273-8709,2239 Shawnee Mission Pky,ENG,,
Rolland,Francescon,rolland@cox.net,973-649-2922,2726 Charcot Ave,ENG,,
Pamella,Schmierer,pamella.schmierer@schmierer.org,305-420-8970,5161 Dorsett Rd,ENG,,
Glory,Kulzer,gkulzer@kulzer.org,410-224-9462,55892 Jacksonville Rd,ENG,,
Shawna,Palaspas,shawna_palaspas@palaspas.org,805-275-3566,5 N Cleveland Massillon Rd,Dubai,,
Brandon,Callaro,brandon_callaro@hotmail.com,808-215-6832,7 Benton Dr,Dubai,,
Scarlet,Cartan,scarlet.cartan@yahoo.com,229-735-3378,9390 S Howell Ave,Dubai,,
Oretha,Menter,oretha_menter@yahoo.com,617-418-5043,8 County Center Dr #647,Dubai,,
Ty,Smith,tsmith@aol.com,201-672-1553,4646 Kaahumanu St,Dubai,,
Xuan,Rochin,xuan@gmail.com,650-933-5072,2 Monroe St,Dubai,,
Lindsey,Dilello,lindsey.dilello@hotmail.com,909-639-9887,52777 Leaders Heights Rd,Dubai,,
Devora,Perez,devora_perez@perez.org,510-955-3016,72868 Blackington Ave,Dubai,,
Herman,Demesa,hdemesa@cox.net,518-497-2940,9 Norristown Rd,Dubai,,
Rory,Papasergi,rpapasergi@cox.net,570-867-7489,83 County Road 437 #8581,Dubai,,
Talia,Riopelle,talia_riopelle@aol.com,973-245-2133,1 N Harlem Ave #9,Dubai,,
Van,Shire,van.shire@shire.com,908-409-2890,90131 J St,Dubai,,
Lucina,Lary,lucina_lary@cox.net,321-749-4981,8597 W National Ave,Dubai,,
Bok,Isaacs,bok.isaacs@aol.com,718-809-3762,6 Gilson St,Dubai,,
Rolande,Spickerman,rolande.spickerman@spickerman.com,808-315-3077,65 W Maple Ave,Dubai,,
Howard,Paulas,hpaulas@gmail.com,303-623-4241,866 34th Ave,Dubai,,
Kimbery,Madarang,kimbery_madarang@cox.net,973-310-1634,798 Lund Farm Way,Dubai,,
Thurman,Manno,thurman.manno@yahoo.com,609-524-3586,9387 Charcot Ave,Dubai,,
Becky,Mirafuentes,becky.mirafuentes@mirafuentes.com,908-877-8409,30553 Washington Rd,Dubai,,
Beatriz,Corrington,beatriz@yahoo.com,508-584-4279,481 W Lemon St,Dubai,,
Marti,Maybury,marti.maybury@yahoo.com,773-775-4522,4 Warehouse Point Rd #7,Dubai,,
Nieves,Gotter,nieves_gotter@gmail.com,503-527-5274,4940 Pulaski Park Dr,Australia,,
Leatha,Hagele,lhagele@cox.net,214-339-1809,627 Walford Ave,Australia,,
Valentin,Klimek,vklimek@klimek.org,312-303-5453,137 Pioneer Way,Australia,,
Melissa,Wiklund,melissa@cox.net,419-939-3613,61 13 Stoneridge #835,Australia,,
Sheridan,Zane,sheridan.zane@zane.com,951-645-3605,2409 Alabama Rd,Australia,,
Bulah,Padilla,bulah_padilla@hotmail.com,254-463-4368,8927 Vandever Ave,Australia,,
Audra,Kohnert,audra@kohnert.com,615-406-7854,134 Lewis Rd,Australia,,
Daren,Weirather,dweirather@aol.com,414-959-2540,9 N College Ave #3,Australia,,
Fernanda,Jillson,fjillson@aol.com,410-387-5260,60480 Old Us Highway 51,Australia,,
Gearldine,Gellinger,gearldine_gellinger@gellinger.com,972-934-6914,4 Bloomfield Ave,Australia,,
Chau,Kitzman,chau@gmail.com,310-560-8022,429 Tiger Ln,Australia,,
Theola,Frey,theola_frey@frey.com,516-948-5768,54169 N Main St,Australia,,
Cheryl,Haroldson,cheryl@haroldson.org,609-518-7697,92 Main St,Australia,,
Laticia,Merced,lmerced@gmail.com,513-508-7371,72 Mannix Dr,Australia,,
Carissa,Batman,carissa.batman@yahoo.com,541-326-4074,12270 Caton Center Dr,Australia,,
Lezlie,Craghead,lezlie.craghead@craghead.org,919-533-3762,749 W 18th St #45,Australia,,
Ozell,Shealy,oshealy@hotmail.com,212-332-8435,8 Industry Ln,Australia,,
Arminda,Parvis,arminda@parvis.com,602-906-9419,1 Huntwood Ave,Australia,,
Reita,Leto,reita.leto@gmail.com,317-234-1135,55262 N French Rd,Australia,,
Yolando,Luczki,yolando@cox.net,315-304-4759,422 E 21st St,Australia,,
Lizette,Stem,lizette.stem@aol.com,856-487-5412,501 N 19th Ave,Australia,,
Gregoria,Pawlowicz,gpawlowicz@yahoo.com,516-212-1915,455 N Main Ave,Australia,,
Carin,Deleo,cdeleo@deleo.com,501-308-1040,1844 Southern Blvd,Australia,,
Chantell,Maynerich,chantell@yahoo.com,651-591-2583,2023 Greg St,Australia,,
Dierdre,Yum,dyum@yahoo.com,215-325-3042,63381 Jenks Ave,KKN,,
Larae,Gudroe,larae_gudroe@gmail.com,985-890-7262,6651 Municipal Rd,KKN,,
Latrice,Tolfree,latrice.tolfree@hotmail.com,631-957-7624,81 Norris Ave #525,KKN,,
Kerry,Theodorov,kerry.theodorov@gmail.com,916-591-3277,6916 W Main St,KKN,,
Dorthy,Hidvegi,dhidvegi@yahoo.com,208-649-2373,9635 S Main St,KKN,,
Fannie,Lungren,fannie.lungren@yahoo.com,512-587-5746,17 Us Highway 111,KKN,,
Evangelina,Radde,evangelina@aol.com,215-964-3284,992 Civic Center Dr,KKN,,
Novella,Degroot,novella_degroot@degroot.org,808-477-4775,303 N Radcliffe St,KKN,,
Clay,Hoa,choa@hoa.org,775-501-8109,73 Saint Ann St #86,KKN,,
Jennifer,Fallick,jfallick@yahoo.com,847-979-9545,44 58th St,KKN,,
Irma,Wolfgramm,irma.wolfgramm@hotmail.com,973-545-7355,9745 W Main St,KKN,,
Eun,Coody,eun@yahoo.com,864-256-3620,84 Bloomfield Ave,KKN,,
Sylvia,Cousey,sylvia_cousey@cousey.org,410-209-9545,287 Youngstown Warren Rd,KKN,,
Nana,Wrinkles,nana@aol.com,914-855-2115,6 Van Buren St,KKN,,
Layla,Springe,layla.springe@cox.net,212-260-3151,229 N Forty Driv,KKN,,
Joesph,Degonia,joesph_degonia@degonia.org,510-677-9785,2887 Knowlton St #5435,KKN,,
Annabelle,Boord,annabelle.boord@cox.net,978-697-6263,523 Marquette Ave,KKN,,
Stephaine,Vinning,stephaine@cox.net,415-767-6596,3717 Hamann Industrial Pky,KKN,,
Nelida,Sawchuk,nelida@gmail.com,201-971-1638,3 State Route 35 S,KKN,,
Marguerita,Hiatt,marguerita.hiatt@gmail.com,925-634-7158,82 N Highway 67,KKN,,
Carmela,Cookey,ccookey@cookey.org,773-494-4195,9 Murfreesboro Rd,KKN,,
Junita,Brideau,jbrideau@aol.com,973-943-3423,6 S Broadway St,KKN,,
Claribel,Varriano,claribel_varriano@cox.net,419-544-4900,6 Harry L Dr #6327,KKN,,
Benton,Skursky,benton.skursky@aol.com,310-579-2907,47939 Porter Ave,KKN,,
Hillary,Skulski,hillary.skulski@aol.com,352-242-2570,9 Wales Rd Ne #914,KKN,,
Merilyn,Bayless,merilyn_bayless@cox.net,408-758-5015,195 13n N,KKN,,
Teri,Ennaco,tennaco@gmail.com,570-889-5187,99 Tank Farm Rd,KKN,,
Merlyn,Lawler,merlyn_lawler@hotmail.com,201-588-7810,4671 Alemany Blvd,KKN,,
Joesph,Degonia,joesph_degonia@degonia.org,510-677-9785,2887 Knowlton St #5435,KKN,,
Annabelle,Boord,annabelle.boord@cox.net,978-697-6263,523 Marquette Ave,KKN,,
Stephaine,Vinning,stephaine@cox.net,415-767-6596,3717 Hamann Industrial Pky,KKN,,
Nelida,Sawchuk,nelida@gmail.com,201-971-1638,3 State Route 35 S,KKN,,
Marguerita,Hiatt,marguerita.hiatt@gmail.com,925-634-7158,82 N Highway 67,KKN,,
Carmela,Cookey,ccookey@cookey.org,773-494-4195,9 Murfreesboro Rd,KKN,,
Junita,Brideau,jbrideau@aol.com,973-943-3423,6 S Broadway St,KKN,,
Claribel,Varriano,claribel_varriano@cox.net,419-544-4900,6 Harry L Dr #6327,KKN,,
Benton,Skursky,benton.skursky@aol.com,310-579-2907,47939 Porter Ave,KKN,,
Hillary,Skulski,hillary.skulski@aol.com,352-242-2570,9 Wales Rd Ne #914,KKN,,
Merilyn,Bayless,merilyn_bayless@cox.net,408-758-5015,195 13n N,KKN,,
Teri,Ennaco,tennaco@gmail.com,570-889-5187,99 Tank Farm Rd,KKN,,
Merlyn,Lawler,merlyn_lawler@hotmail.com,201-588-7810,4671 Alemany Blvd,KKN,,
Joesph,Degonia,joesph_degonia@degonia.org,510-677-9785,2887 Knowlton St #5435,KKN,,
Annabelle,Boord,annabelle.boord@cox.net,978-697-6263,523 Marquette Ave,KKN,,
Stephaine,Vinning,stephaine@cox.net,415-767-6596,3717 Hamann Industrial Pky,KKN,,
Nelida,Sawchuk,nelida@gmail.com,201-971-1638,3 State Route 35 S,KKN,,
Marguerita,Hiatt,marguerita.hiatt@gmail.com,925-634-7158,82 N Highway 67,KKN,,
Carmela,Cookey,ccookey@cookey.org,773-494-4195,9 Murfreesboro Rd,KKN,,
Junita,Brideau,jbrideau@aol.com,973-943-3423,6 S Broadway St,KKN,,
Claribel,Varriano,claribel_varriano@cox.net,419-544-4900,6 Harry L Dr #6327,KKN,,
Benton,Skursky,benton.skursky@aol.com,310-579-2907,47939 Porter Ave,KKN,,
Hillary,Skulski,hillary.skulski@aol.com,352-242-2570,9 Wales Rd Ne #914,KKN,,
Merilyn,Bayless,merilyn_bayless@cox.net,408-758-5015,195 13n N,KKN,,
Teri,Ennaco,tennaco@gmail.com,570-889-5187,99 Tank Farm Rd,KKN,,
Merlyn,Lawler,merlyn_lawler@hotmail.com,201-588-7810,4671 Alemany Blvd,KKN,,
Joesph,Degonia,joesph_degonia@degonia.org,510-677-9785,2887 Knowlton St #5435,KKN,,
Annabelle,Boord,annabelle.boord@cox.net,978-697-6263,523 Marquette Ave,KKN,,
Stephaine,Vinning,stephaine@cox.net,415-767-6596,3717 Hamann Industrial Pky,KKN,,
Nelida,Sawchuk,nelida@gmail.com,201-971-1638,3 State Route 35 S,KKN,,
Marguerita,Hiatt,marguerita.hiatt@gmail.com,925-634-7158,82 N Highway 67,KKN,,
Carmela,Cookey,ccookey@cookey.org,773-494-4195,9 Murfreesboro Rd,KKN,,
Junita,Brideau,jbrideau@aol.com,973-943-3423,6 S Broadway St,KKN,,
Claribel,Varriano,claribel_varriano@cox.net,419-544-4900,6 Harry L Dr #6327,KKN,,
Benton,Skursky,benton.skursky@aol.com,310-579-2907,47939 Porter Ave,KKN,,
Hillary,Skulski,hillary.skulski@aol.com,352-242-2570,9 Wales Rd Ne #914,KKN,,
Merilyn,Bayless,merilyn_bayless@cox.net,408-758-5015,195 13n N,KKN,,
Teri,Ennaco,tennaco@gmail.com,570-889-5187,99 Tank Farm Rd,KKN,,
Merlyn,Lawler,merlyn_lawler@hotmail.com,201-588-7810,4671 Alemany Blvd,KKN,,
Joesph,Degonia,joesph_degonia@degonia.org,510-677-9785,2887 Knowlton St #5435,KKN,,
Annabelle,Boord,annabelle.boord@cox.net,978-697-6263,523 Marquette Ave,KKN,,
Stephaine,Vinning,stephaine@cox.net,415-767-6596,3717 Hamann Industrial Pky,KKN,,
Nelida,Sawchuk,nelida@gmail.com,201-971-1638,3 State Route 35 S,KKN,,
Marguerita,Hiatt,marguerita.hiatt@gmail.com,925-634-7158,82 N Highway 67,KKN,,
Carmela,Cookey,ccookey@cookey.org,773-494-4195,9 Murfreesboro Rd,KKN,,
Junita,Brideau,jbrideau@aol.com,973-943-3423,6 S Broadway St,KKN,,
Claribel,Varriano,claribel_varriano@cox.net,419-544-4900,6 Harry L Dr #6327,KKN,,
Benton,Skursky,benton.skursky@aol.com,310-579-2907,47939 Porter Ave,KKN,,
Hillary,Skulski,hillary.skulski@aol.com,352-242-2570,9 Wales Rd Ne #914,KKN,,
Merilyn,Bayless,merilyn_bayless@cox.net,408-758-5015,195 13n N,KKN,,
Teri,Ennaco,tennaco@gmail.com,570-889-5187,99 Tank Farm Rd,KKN,,
Merlyn,Lawler,merlyn_lawler@hotmail.com,201-588-7810,4671 Alemany Blvd,KKN,,
Joesph,Degonia,joesph_degonia@degonia.org,510-677-9785,2887 Knowlton St #5435,KKN,,
Annabelle,Boord,annabelle.boord@cox.net,978-697-6263,523 Marquette Ave,KKN,,
Stephaine,Vinning,stephaine@cox.net,415-767-6596,3717 Hamann Industrial Pky,KKN,,
Nelida,Sawchuk,nelida@gmail.com,201-971-1638,3 State Route 35 S,KKN,,
Marguerita,Hiatt,marguerita.hiatt@gmail.com,925-634-7158,82 N Highway 67,KKN,,
Carmela,Cookey,ccookey@cookey.org,773-494-4195,9 Murfreesboro Rd,KKN,,
Junita,Brideau,jbrideau@aol.com,973-943-3423,6 S Broadway St,KKN,,
Claribel,Varriano,claribel_varriano@cox.net,419-544-4900,6 Harry L Dr #6327,KKN,,
Benton,Skursky,benton.skursky@aol.com,310-579-2907,47939 Porter Ave,KKN,,
Hillary,Skulski,hillary.skulski@aol.com,352-242-2570,9 Wales Rd Ne #914,KKN,,
Merilyn,Bayless,merilyn_bayless@cox.net,408-758-5015,195 13n N,KKN,,
Teri,Ennaco,tennaco1@gmail.com,570-889-5187,99 Tank Farm Rd,KKN,,
Merlyn,Lawler,merlyn_lawler1@hotmail.com,201-588-7810,4671 Alemany Blvd,KKN,,
Joesph,Degonia,joesph_degonia1@degonia.org,510-677-9785,2887 Knowlton St #5435,KKN,,
Annabelle,Boord,annabelle.boord1@cox.net,978-697-6263,523 Marquette Ave,KKN,,
Stephaine,Vinning,stephaine1@cox.net,415-767-6596,3717 Hamann Industrial Pky,KKN,,
Nelida,Sawchuk,nelida1@gmail.com,201-971-1638,3 State Route 35 S,KKN,,
Marguerita,Hiatt,marguerita.hiatt1@gmail.com,925-634-7158,82 N Highway 67,KKN,,
Carmela,Cookey,ccookey1@cookey.org,773-494-4195,9 Murfreesboro Rd,KKN,,
Junita,Brideau,jbrideau1@aol.com,973-943-3423,6 S Broadway St,KKN,,
Claribel,Varriano,claribel_varriano1@cox.net,419-544-4900,6 Harry L Dr #6327,KKN,,
Benton,Skursky,benton.skursky1@aol.com,310-579-2907,47939 Porter Ave,KKN,,
Hillary,Skulski,hillary.skulski1@aol.com,352-242-2570,9 Wales Rd Ne #914,KKN,,
Merilyn,Bayless,merilyn_bayless1@cox.net,408-758-5015,195 13n N,KKN,,
Teri,Ennaco,tennaco1@gmail.com,570-889-5187,99 Tank Farm Rd,KKN,,
Merlyn,Lawler,merlyn_lawler1@hotmail.com,201-588-7810,4671 Alemany Blvd,KKN,,
Joesph,Degonia,joesph_degonia1@degonia.org,510-677-9785,2887 Knowlton St #5435,KKN,,
Annabelle,Boord,annabelle.boord1@cox.net,978-697-6263,523 Marquette Ave,KKN,,
Stephaine,Vinning,stephaine1@cox.net,415-767-6596,3717 Hamann Industrial Pky,KKN,,
Nelida,Sawchuk,nelida1@gmail.com,201-971-1638,3 State Route 35 S,KKN,,
Marguerita,Hiatt,marguerita.hiatt1@gmail.com,925-634-7158,82 N Highway 67,KKN,,
Carmela,Cookey,ccookey1@cookey.org,773-494-4195,9 Murfreesboro Rd,KKN,,
Junita,Brideau,jbrideau1@aol.com,973-943-3423,6 S Broadway St,KKN,,
Claribel,Varriano,claribel_varriano1@cox.net,419-544-4900,6 Harry L Dr #6327,KKN,,
Benton,Skursky,benton.skursky1@aol.com,310-579-2907,47939 Porter Ave,KKN,,
Hillary,Skulski,hillary.skulski1@aol.com,352-242-2570,9 Wales Rd Ne #914,KKN,,
Merilyn,Bayless,merilyn_bayless1@cox.net,408-758-5015,195 13n N,KKN,,
Teri,Ennaco,tennaco1@gmail.com,570-889-5187,99 Tank Farm Rd,KKN,,
Merlyn,Lawler,merlyn_lawler1@hotmail.com,201-588-7810,4671 Alemany Blvd,KKN,,
Merlyn,Lawler,merlyn_lawler1@hotmail.com,201-588-7810,4671 Alemany Blvd,KKN,,
Merlyn1,Lawler,merlyn_lawler1@hotmail.com,201-588-7810,4671 Alemany Blvd,KKN,,
,,,,,,,
,,,,,,,
,,,,,,,
,,,,,,,
,,,,,,,
,,,,,,,
,,,,,,,
,,,,,,,
,,,,,,,
,,,,,,,
,,,,,,,
,,,,,,,
,,,,,,,
,,,,,,,
,,,,,,,
,,,,,,,
,,,,,,,
,,,,,,,
,,,,,,,
,,,,,,,
,,,,,,,
,,,,,,,
,,,,,,,
,,,,,,,
,,,,,,,
,,,,,,,
,,,,,,,
,,,,,,,
,,,,,,,
,,,,,,,
,,,,,,,
,,,,,,,
,,,,,,,
,,,,,,,
,,,,,,,
,,,,,,,
,,,,,,,
,,,,,,,
,,,,,,,
,,,,,,,
,,,,,,,
,,,,,,,
,,,,,,,
,,,,,,,
,,,,,,,
,,,,,,,
,,,,,,,
,,,,,,,
,,,,,,,
,,,,,,,
,,,,,,,
,,,,,,,
,,,,,,,
,,,,,,,
,,,,,,,
,,,,,,,
,,,,,,,
,,,,,,,
,,,,,,,
,,,,,,,
,,,,,,,
,,,,,,,
,,,,,,,
,,,,,,,
,,,,,,,
,,,,,,,
,,,,,,,
,,,,,,,
,,,,,,,
,,,,,,,
,,,,,,,
,,,,,,,
,,,,,,,
,,,,,,,
,,,,,,,
,,,,,,,
,,,,,,,
,,,,,,,
,,,,,,,
,,,,,,,
,,,,,,,
,,,,,,,
,,,,,,,
,,,,,,,
,,,,,,,
,,,,,,,
,,,,,,,
,,,,,,,
,,,,,,,
,,,,,,,
,,,,,,,
,,,,,,,
,,,,,,,
,,,,,,,
,,,,,,,
,,,,,,,
,,,,,,,
,,,,,,,
,,,,,,,
,,,,,,,
,,,,,,,
,,,,,,,
,,,,,,,
,,,,,,,
,,,,,,,
,,,,,,,
,,,,,,,
,,,,,,,
,,,,,,,
,,,,,,,
,,,,,,,
,,,,,,,
,,,,,,,
,,,,,,,
,,,,,,,
,,,,,,,
,,,,,,,
,,,,,,,
,,,,,,,
,,,,,,,
,,,,,,,
,,,,,,,
,,,,,,,
,,,,,,,
,,,,,,,
,,,,,,,
,,,,,,,
,,,,,,,
,,,,,,,
,,,,,,,
,,,,,,,
,,,,,,,
,,,,,,,
,,,,,,,
,,,,,,,
,,,,,,,
,,,,,,,
,,,,,,,
,,,,,,,
,,,,,,,
,,,,,,,
,,,,,,,
,,,,,,,
,,,,,,,
,,,,,,,
,,,,,,,
,,,,,,,
,,,,,,,
,,,,,,,
,,,,,,,
,,,,,,,
,,,,,,,
,,,,,,,
,,,,,,,
,,,,,,,
,,,,,,,
,,,,,,,
,,,,,,,
,,,,,,,
,,,,,,,
,,,,,,,
,,,,,,,
,,,,,,,
,,,,,,,
,,,,,,,
,,,,,,,
,,,,,,,
,,,,,,,
,,,,,,,
,,,,,,,
,,,,,,,
,,,,,,,
,,,,,,,
,,,,,,,
,,,,,,,
,,,,,,,
,,,,,,,
,,,,,,,
,,,,,,,
,,,,,,,
,,,,,,,
,,,,,,,
,,,,,,,
,,,,,,,
,,,,,,,
,,,,,,,
,,,,,,,
,,,,,,,
,,,,,,,
,,,,,,,
,,,,,,,
,,,,,,,
,,,,,,,
,,,,,,,
,,,,,,,
,,,,,,,
,,,,,,,
,,,,,,,
,,,,,,,
,,,,,,,
,,,,,,,
,,,,,,,
,,,,,,,
,,,,,,,
,,,,,,,
,,,,,,,
,,,,,,,
,,,,,,,
,,,,,,,
,,,,,,,
,,,,,,,
,,,,,,,
,,,,,,,
,,,,,,,
,,,,,,,
,,,,,,,
,,,,,,,
Chauncey,Motley,chauncey_motley@aol.com,407-413-4842,63 E Aurora Dr,,,
